test_fp,pass_ct,total_ct,pass_rate,test
data/raw/benchmark-stackoverflow/1.txt,2,2,1.0,"[['3364.0', '3.36E3', '3.36E+03'], ['11', '11', '11.00']]"
data/raw/benchmark-stackoverflow/2.txt,6,6,1.0,"[['$', '%24', '%24'], ['%', '%25', '%25'], ['&', '%26', '%26'], [""'"", '%27', '%27'], ['(', '%28', '%28'], [')', '%29', '%29']]"
data/raw/benchmark-stackoverflow/3.txt,1,2,0.5,"[['<b>hello world!</b><br /><i>it is me! !</i>', 'hello world! it is me! !', 'hello world!it is me! !'], ['<b>test</b>', 'test', 'test']]"
data/raw/benchmark-stackoverflow/4.txt,2,2,1.0,"[['123123', '123', '123'], ['9090', '90', '90']]"
data/raw/benchmark-stackoverflow/5.txt,9,9,1.0,"[['http://www.stackoverflow.com', 'stackoverflow.com', 'stackoverflow.com'], ['facebook.com', 'facebook.com', 'facebook.com'], ['www.facebook.com', 'facebook.com', 'facebook.com'], ['http://facebook.com', 'facebook.com', 'facebook.com'], ['http://www.facebook.com', 'facebook.com', 'facebook.com'], ['google.com', 'google.com', 'google.com'], ['www.google.com', 'google.com', 'google.com'], ['http://google.com', 'google.com', 'google.com'], ['http://www.google.com', 'google.com', 'google.com']]"
data/raw/benchmark-stackoverflow/6.txt,1,2,0.5,"[['www.cs.uwaterloo.ca', 'cs.uwaterloo', 'cs'], ['www.abc.com', 'abc', 'abc']]"
data/raw/benchmark-stackoverflow/7.txt,1,2,0.5,"[['ftp://username:password@website.com', 'website.com', 'username:password@website.com'], ['http://www.microsoft.com/', 'microsoft.com', 'microsoft.com']]"
data/raw/benchmark-stackoverflow/8.txt,2,2,1.0,"[['<h2>test1</h2> <p>test2</p>', '<h2>test1</h2><p>test2</p>', '<h2>test1</h2><p>test2</p>'], ['<h2>test1</h2> <p>test2</p> <p>test3</p> <p>test4</p>', '<h2>test1</h2><p>test2</p><p>test3</p><p>test4</p>', '<h2>test1</h2><p>test2</p><p>test3</p><p>test4</p>']]"
data/raw/benchmark-stackoverflow/9.txt,200,556,0.36,"[['3gpp', 'video/3gpp', 'audio/3gpp'], ['7z', 'application/x-7z-compressed', 'application/x-7z-compressed'], ['aa', 'audio/audible', None], ['AAC', 'audio/aac', 'audio/x-aac'], ['aaf', 'application/octet-stream', None], ['aax', 'audio/vnd.audible.aax', None], ['ac3', 'audio/ac3', None], ['aca', 'application/octet-stream', None], ['accda', 'application/msaccess.addin', None], ['accdb', 'application/msaccess', None], ['accdc', 'application/msaccess.cab', None], ['accde', 'application/msaccess', None], ['accdr', 'application/msaccess.runtime', None], ['accdt', 'application/msaccess', None], ['accdw', 'application/msaccess.webapplication', None], ['accft', 'application/msaccess.ftemplate', None], ['acx', 'application/internet-property-stream', None], ['AddIn', 'text/xml', None], ['ade', 'application/msaccess', None], ['adobebridge', 'application/x-bridge-url', None], ['adp', 'application/msaccess', 'audio/adpcm'], ['ADT', 'audio/vnd.dlna.adts', None], ['ADTS', 'audio/aac', 'audio/aac'], ['afm', 'application/octet-stream', 'application/x-font-type1'], ['ai', 'application/postscript', 'application/postscript'], ['aif', 'audio/x-aiff', 'audio/x-aiff'], ['aifc', 'audio/aiff', 'audio/x-aiff'], ['aiff', 'audio/aiff', 'audio/x-aiff'], ['air', 'application/vnd.adobe.air-application-installer-package+zip', 'application/vnd.adobe.air-application-installer-package+zip'], ['amc', 'application/x-mpeg', None], ['application', 'application/x-ms-application', 'application/x-ms-application'], ['art', 'image/x-jg', None], ['asa', 'application/xml', None], ['asax', 'application/xml', None], ['ascx', 'application/xml', None], ['asd', 'application/octet-stream', None], ['asf', 'video/x-ms-asf', 'video/x-ms-asf'], ['ashx', 'application/xml', None], ['asi', 'application/octet-stream', None], ['asm', 'text/plain', 'text/x-asm'], ['asmx', 'application/xml', None], ['aspx', 'application/xml', None], ['asr', 'video/x-ms-asf', None], ['asx', 'video/x-ms-asf', 'video/x-ms-asf'], ['atom', 'application/atom+xml', 'application/atom+xml'], ['au', 'audio/basic', 'audio/basic'], ['avi', 'video/x-msvideo', 'video/x-msvideo'], ['axs', 'application/olescript', None], ['bas', 'text/plain', None], ['bcpio', 'application/x-bcpio', 'application/x-bcpio'], ['bin', 'application/octet-stream', 'application/octet-stream'], ['bmp', 'image/bmp', 'image/bmp'], ['c', 'text/plain', 'text/x-c'], ['cab', 'application/octet-stream', 'application/vnd.ms-cab-compressed'], ['caf', 'audio/x-caf', 'audio/x-caf'], ['calx', 'application/vnd.ms-office.calx', None], ['cat', 'application/vnd.ms-pki.seccat', 'application/vnd.ms-pki.seccat'], ['cc', 'text/plain', 'text/x-c'], ['cd', 'text/plain', None], ['cdda', 'audio/aiff', None], ['cdf', 'application/x-cdf', 'application/x-netcdf'], ['cer', 'application/x-x509-ca-cert', 'application/pkix-cert'], ['chm', 'application/octet-stream', 'application/vnd.ms-htmlhelp'], ['class', 'application/x-java-applet', 'application/java-vm'], ['clp', 'application/x-msclip', 'application/x-msclip'], ['cmx', 'image/x-cmx', 'image/x-cmx'], ['cnf', 'text/plain', None], ['cod', 'image/cis-cod', 'application/vnd.rim.cod'], ['config', 'application/xml', None], ['contact', 'text/x-ms-contact', None], ['coverage', 'application/xml', None], ['cpio', 'application/x-cpio', 'application/x-cpio'], ['cpp', 'text/plain', 'text/x-c'], ['crd', 'application/x-mscardfile', 'application/x-mscardfile'], ['crl', 'application/pkix-crl', 'application/pkix-crl'], ['crt', 'application/x-x509-ca-cert', 'application/x-x509-ca-cert'], ['cs', 'text/plain', None], ['csdproj', 'text/plain', None], ['csh', 'application/x-csh', 'application/x-csh'], ['csproj', 'text/plain', None], ['css', 'text/css', 'text/css'], ['csv', 'text/csv', 'text/csv'], ['cur', 'application/octet-stream', None], ['cxx', 'text/plain', 'text/x-c'], ['dat', 'application/octet-stream', None], ['datasource', 'application/xml', None], ['dbproj', 'text/plain', None], ['dcr', 'application/x-director', 'application/x-director'], ['def', 'text/plain', 'text/plain'], ['deploy', 'application/octet-stream', 'application/octet-stream'], ['der', 'application/x-x509-ca-cert', 'application/x-x509-ca-cert'], ['dgml', 'application/xml', None], ['dib', 'image/bmp', None], ['dif', 'video/x-dv', 'video/x-dv'], ['dir', 'application/x-director', 'application/x-director'], ['disco', 'text/xml', None], ['dll', 'application/x-msdownload', 'application/x-msdownload'], ['dll.config', 'text/xml', None], ['dlm', 'text/dlm', None], ['doc', 'application/msword', 'application/msword'], ['docm', 'application/vnd.ms-word.document.macroEnabled.12', 'application/vnd.ms-word.document.macroenabled.12'], ['docx', 'application/vnd.openxmlformats-officedocument.wordprocessingml.document', 'application/vnd.openxmlformats-officedocument.wordprocessingml.document'], ['dot', 'application/msword', 'application/msword'], ['dotm', 'application/vnd.ms-word.template.macroEnabled.12', 'application/vnd.ms-word.template.macroenabled.12'], ['dotx', 'application/vnd.openxmlformats-officedocument.wordprocessingml.template', 'application/vnd.openxmlformats-officedocument.wordprocessingml.template'], ['dsp', 'application/octet-stream', None], ['dsw', 'text/plain', None], ['dtd', 'text/xml', 'application/xml-dtd'], ['dtsConfig', 'text/xml', None], ['dv', 'video/x-dv', 'video/x-dv'], ['dvi', 'application/x-dvi', 'application/x-dvi'], ['dwf', 'drawing/x-dwf', 'model/vnd.dwf'], ['dwp', 'application/octet-stream', None], ['dxr', 'application/x-director', 'application/x-director'], ['eml', 'message/rfc822', 'message/rfc822'], ['emz', 'application/octet-stream', 'application/x-msmetafile'], ['eot', 'application/octet-stream', 'application/vnd.ms-fontobject'], ['eps', 'application/postscript', 'application/postscript'], ['etl', 'application/etl', None], ['etx', 'text/x-setext', 'text/x-setext'], ['evy', 'application/envoy', 'application/x-envoy'], ['exe', 'application/octet-stream', 'application/x-msdownload'], ['exe.config', 'text/xml', None], ['fdf', 'application/vnd.fdf', 'application/vnd.fdf'], ['fif', 'application/fractals', None], ['filters', 'Application/xml', None], ['fla', 'application/octet-stream', None], ['flr', 'x-world/x-vrml', None], ['flv', 'video/x-flv', 'video/x-flv'], ['fsscript', 'application/fsharp-script', None], ['fsx', 'application/fsharp-script', None], ['generictest', 'application/xml', None], ['gif', 'image/gif', 'image/gif'], ['group', 'text/x-ms-group', None], ['gsm', 'audio/x-gsm', None], ['gtar', 'application/x-gtar', 'application/x-gtar'], ['gz', 'application/x-gzip', None], ['h', 'text/plain', 'text/x-c'], ['hdf', 'application/x-hdf', 'application/x-hdf'], ['hdml', 'text/x-hdml', None], ['hhc', 'application/x-oleobject', None], ['hhk', 'application/octet-stream', None], ['hhp', 'application/octet-stream', None], ['hlp', 'application/winhlp', 'application/winhlp'], ['hpp', 'text/plain', None], ['hqx', 'application/mac-binhex40', 'application/mac-binhex40'], ['hta', 'application/hta', None], ['htc', 'text/x-component', None], ['htm', 'text/html', 'text/html'], ['html', 'text/html', 'text/html'], ['htt', 'text/webviewhtml', None], ['hxa', 'application/xml', None], ['hxc', 'application/xml', None], ['hxd', 'application/octet-stream', None], ['hxe', 'application/xml', None], ['hxf', 'application/xml', None], ['hxh', 'application/octet-stream', None], ['hxi', 'application/octet-stream', None], ['hxk', 'application/xml', None], ['hxq', 'application/octet-stream', None], ['hxr', 'application/octet-stream', None], ['hxs', 'application/octet-stream', None], ['hxt', 'text/html', None], ['hxv', 'application/xml', None], ['hxw', 'application/octet-stream', None], ['hxx', 'text/plain', None], ['i', 'text/plain', None], ['ico', 'image/x-icon', 'image/x-icon'], ['ics', 'application/octet-stream', 'text/calendar'], ['idl', 'text/plain', None], ['ief', 'image/ief', 'image/ief'], ['iii', 'application/x-iphone', None], ['inc', 'text/plain', None], ['inf', 'application/octet-stream', None], ['inl', 'text/plain', None], ['ins', 'application/x-internet-signup', None], ['ipa', 'application/x-itunes-ipa', None], ['ipg', 'application/x-itunes-ipg', None], ['ipproj', 'text/plain', None], ['ipsw', 'application/x-itunes-ipsw', None], ['iqy', 'text/x-ms-iqy', None], ['isp', 'application/x-internet-signup', None], ['ite', 'application/x-itunes-ite', None], ['itlp', 'application/x-itunes-itlp', None], ['itms', 'application/x-itunes-itms', None], ['itpc', 'application/x-itunes-itpc', None], ['IVF', 'video/x-ivf', None], ['jar', 'application/java-archive', 'application/java-archive'], ['java', 'application/octet-stream', 'text/x-java-source'], ['jck', 'application/liquidmotion', None], ['jcz', 'application/liquidmotion', None], ['jfif', 'image/pjpeg', None], ['jnlp', 'application/x-java-jnlp-file', 'application/x-java-jnlp-file'], ['jpb', 'application/octet-stream', None], ['jpe', 'image/jpeg', 'image/jpeg'], ['jpeg', 'image/jpeg', 'image/jpeg'], ['jpg', 'image/jpeg', 'image/jpeg'], ['js', 'application/x-javascript', 'text/javascript'], ['json', 'application/json', 'application/json'], ['jsx', 'text/jscript', None], ['jsxbin', 'text/plain', None], ['latex', 'application/x-latex', 'application/x-latex'], ['library-ms', 'application/windows-library+xml', None], ['lit', 'application/x-ms-reader', None], ['loadtest', 'application/xml', None], ['lpk', 'application/octet-stream', None], ['lsf', 'video/x-la-asf', None], ['lst', 'text/plain', None], ['lsx', 'video/x-la-asf', None], ['lzh', 'application/octet-stream', 'application/x-lzh-compressed'], ['m13', 'application/x-msmediaview', 'application/x-msmediaview'], ['m14', 'application/x-msmediaview', 'application/x-msmediaview'], ['m1v', 'video/mpeg', 'video/mpeg'], ['m2t', 'video/vnd.dlna.mpeg-tts', None], ['m2ts', 'video/vnd.dlna.mpeg-tts', None], ['m2v', 'video/mpeg', 'video/mpeg'], ['m3u', 'audio/x-mpegurl', 'audio/x-mpegurl'], ['m3u8', 'audio/x-mpegurl', 'application/x-mpegurl'], ['m4a', 'audio/m4a', 'audio/mp4a-latm'], ['m4b', 'audio/m4b', None], ['m4p', 'audio/m4p', 'audio/mp4a-latm'], ['m4r', 'audio/x-m4r', None], ['m4v', 'video/x-m4v', 'video/x-m4v'], ['mac', 'image/x-macpaint', 'image/x-macpaint'], ['mak', 'text/plain', None], ['man', 'application/x-troff-man', 'text/troff'], ['manifest', 'application/x-ms-manifest', 'text/cache-manifest'], ['map', 'text/plain', None], ['master', 'application/xml', None], ['mda', 'application/msaccess', None], ['mdb', 'application/x-msaccess', 'application/x-msaccess'], ['mde', 'application/msaccess', None], ['mdp', 'application/octet-stream', None], ['me', 'application/x-troff-me', 'text/troff'], ['mfp', 'application/x-shockwave-flash', None], ['mht', 'message/rfc822', 'message/rfc822'], ['mhtml', 'message/rfc822', 'message/rfc822'], ['mid', 'audio/mid', 'audio/midi'], ['midi', 'audio/mid', 'audio/midi'], ['mix', 'application/octet-stream', None], ['mk', 'text/plain', None], ['mmf', 'application/x-smaf', 'application/vnd.smaf'], ['mno', 'text/xml', None], ['mny', 'application/x-msmoney', 'application/x-msmoney'], ['mod', 'video/mpeg', None], ['mov', 'video/quicktime', 'video/quicktime'], ['movie', 'video/x-sgi-movie', 'video/x-sgi-movie'], ['mp2', 'video/mpeg', 'audio/mpeg'], ['mp2v', 'video/mpeg', None], ['mp3', 'audio/mpeg', 'audio/mpeg'], ['mp4', 'video/mp4', 'video/mp4'], ['mp4v', 'video/mp4', 'video/mp4'], ['mpa', 'video/mpeg', 'video/mpeg'], ['mpe', 'video/mpeg', 'video/mpeg'], ['mpeg', 'video/mpeg', 'video/mpeg'], ['mpf', 'application/vnd.ms-mediapackage', None], ['mpg', 'video/mpeg', 'video/mpeg'], ['mpp', 'application/vnd.ms-project', 'application/vnd.ms-project'], ['mpv2', 'video/mpeg', None], ['mqv', 'video/quicktime', None], ['ms', 'application/x-troff-ms', 'text/troff'], ['msi', 'application/octet-stream', 'application/x-msdownload'], ['mso', 'application/octet-stream', None], ['mts', 'video/vnd.dlna.mpeg-tts', 'model/vnd.mts'], ['mtx', 'application/xml', None], ['mvb', 'application/x-msmediaview', 'application/x-msmediaview'], ['mvc', 'application/x-miva-compiled', None], ['mxp', 'application/x-mmxp', None], ['nc', 'application/x-netcdf', 'application/x-netcdf'], ['nsc', 'video/x-ms-asf', 'application/x-conference'], ['nws', 'message/rfc822', 'message/rfc822'], ['ocx', 'application/octet-stream', None], ['oda', 'application/oda', 'application/oda'], ['odc', 'text/x-ms-odc', 'application/vnd.oasis.opendocument.chart'], ['odh', 'text/plain', None], ['odl', 'text/plain', None], ['odp', 'application/vnd.oasis.opendocument.presentation', 'application/vnd.oasis.opendocument.presentation'], ['ods', 'application/oleobject', 'application/vnd.oasis.opendocument.spreadsheet'], ['odt', 'application/vnd.oasis.opendocument.text', 'application/vnd.oasis.opendocument.text'], ['one', 'application/onenote', None], ['onea', 'application/onenote', None], ['onepkg', 'application/onenote', 'application/onenote'], ['onetmp', 'application/onenote', 'application/onenote'], ['onetoc', 'application/onenote', 'application/onenote'], ['onetoc2', 'application/onenote', 'application/onenote'], ['orderedtest', 'application/xml', None], ['osdx', 'application/opensearchdescription+xml', None], ['p10', 'application/pkcs10', 'application/pkcs10'], ['p12', 'application/x-pkcs12', 'application/x-pkcs12'], ['p7b', 'application/x-pkcs7-certificates', 'application/x-pkcs7-certificates'], ['p7c', 'application/pkcs7-mime', 'application/pkcs7-mime'], ['p7m', 'application/pkcs7-mime', 'application/pkcs7-mime'], ['p7r', 'application/x-pkcs7-certreqresp', 'application/x-pkcs7-certreqresp'], ['p7s', 'application/pkcs7-signature', 'application/pkcs7-signature'], ['pbm', 'image/x-portable-bitmap', 'image/x-portable-bitmap'], ['pcast', 'application/x-podcast', None], ['pct', 'image/pict', 'image/x-pict'], ['pcx', 'application/octet-stream', 'image/x-pcx'], ['pcz', 'application/octet-stream', None], ['pdf', 'application/pdf', 'application/pdf'], ['pfb', 'application/octet-stream', 'application/x-font-type1'], ['pfm', 'application/octet-stream', 'application/x-font-type1'], ['pfx', 'application/x-pkcs12', 'application/x-pkcs12'], ['pgm', 'image/x-portable-graymap', 'image/x-portable-graymap'], ['pic', 'image/pict', 'image/x-pict'], ['pict', 'image/pict', 'image/pict'], ['pkgdef', 'text/plain', None], ['pkgundef', 'text/plain', None], ['pko', 'application/vnd.ms-pki.pko', None], ['pls', 'audio/scpls', 'application/pls+xml'], ['pma', 'application/x-perfmon', None], ['pmc', 'application/x-perfmon', None], ['pml', 'application/x-perfmon', 'application/vnd.ctc-posml'], ['pmr', 'application/x-perfmon', None], ['pmw', 'application/x-perfmon', None], ['png', 'image/png', 'image/png'], ['pnm', 'image/x-portable-anymap', 'image/x-portable-anymap'], ['pnt', 'image/x-macpaint', 'image/x-macpaint'], ['pntg', 'image/x-macpaint', 'image/x-macpaint'], ['pnz', 'image/png', None], ['pot', 'application/vnd.ms-powerpoint', 'application/vnd.ms-powerpoint'], ['potm', 'application/vnd.ms-powerpoint.template.macroEnabled.12', 'application/vnd.ms-powerpoint.template.macroenabled.12'], ['potx', 'application/vnd.openxmlformats-officedocument.presentationml.template', 'application/vnd.openxmlformats-officedocument.presentationml.template'], ['ppa', 'application/vnd.ms-powerpoint', 'application/vnd.ms-powerpoint'], ['ppam', 'application/vnd.ms-powerpoint.addin.macroEnabled.12', 'application/vnd.ms-powerpoint.addin.macroenabled.12'], ['ppm', 'image/x-portable-pixmap', 'image/x-portable-pixmap'], ['pps', 'application/vnd.ms-powerpoint', 'application/vnd.ms-powerpoint'], ['ppsm', 'application/vnd.ms-powerpoint.slideshow.macroEnabled.12', 'application/vnd.ms-powerpoint.slideshow.macroenabled.12'], ['ppsx', 'application/vnd.openxmlformats-officedocument.presentationml.slideshow', 'application/vnd.openxmlformats-officedocument.presentationml.slideshow'], ['ppt', 'application/vnd.ms-powerpoint', 'application/vnd.ms-powerpoint'], ['pptm', 'application/vnd.ms-powerpoint.presentation.macroEnabled.12', 'application/vnd.ms-powerpoint.presentation.macroenabled.12'], ['pptx', 'application/vnd.openxmlformats-officedocument.presentationml.presentation', 'application/vnd.openxmlformats-officedocument.presentationml.presentation'], ['prf', 'application/pics-rules', 'application/pics-rules'], ['prm', 'application/octet-stream', None], ['prx', 'application/octet-stream', None], ['ps', 'application/postscript', 'application/postscript'], ['psc1', 'application/PowerShell', None], ['psd', 'application/octet-stream', 'image/vnd.adobe.photoshop'], ['psess', 'application/xml', None], ['psm', 'application/octet-stream', None], ['psp', 'application/octet-stream', None], ['pub', 'application/x-mspublisher', 'application/x-mspublisher'], ['pwz', 'application/vnd.ms-powerpoint', 'application/vnd.ms-powerpoint'], ['qht', 'text/x-html-insertion', None], ['qhtm', 'text/x-html-insertion', None], ['qt', 'video/quicktime', 'video/quicktime'], ['qti', 'image/x-quicktime', 'image/x-quicktime'], ['qtif', 'image/x-quicktime', 'image/x-quicktime'], ['qtl', 'application/x-quicktimeplayer', None], ['qxd', 'application/octet-stream', 'application/vnd.quark.quarkxpress'], ['ra', 'audio/x-pn-realaudio', 'audio/x-pn-realaudio'], ['ram', 'audio/x-pn-realaudio', 'audio/x-pn-realaudio'], ['rar', 'application/octet-stream', 'application/x-rar-compressed'], ['ras', 'image/x-cmu-raster', 'image/x-cmu-raster'], ['rat', 'application/rat-file', None], ['rc', 'text/plain', None], ['rc2', 'text/plain', None], ['rct', 'text/plain', None], ['rdlc', 'application/xml', None], ['resx', 'application/xml', None], ['rf', 'image/vnd.rn-realflash', None], ['rgb', 'image/x-rgb', 'image/x-rgb'], ['rgs', 'text/plain', None], ['rm', 'application/vnd.rn-realmedia', 'application/vnd.rn-realmedia'], ['rmi', 'audio/mid', 'audio/midi'], ['rmp', 'application/vnd.rn-rn_music_package', 'audio/x-pn-realaudio-plugin'], ['roff', 'application/x-troff', 'text/troff'], ['rpm', 'audio/x-pn-realaudio-plugin', None], ['rqy', 'text/x-ms-rqy', None], ['rtf', 'application/rtf', 'application/rtf'], ['rtx', 'text/richtext', 'text/richtext'], ['ruleset', 'application/xml', None], ['s', 'text/plain', 'text/x-asm'], ['safariextz', 'application/x-safari-safariextz', None], ['scd', 'application/x-msschedule', 'application/x-msschedule'], ['sct', 'text/scriptlet', None], ['sd2', 'audio/x-sd2', None], ['sdp', 'application/sdp', 'application/sdp'], ['sea', 'application/octet-stream', None], ['searchConnector-ms', 'application/windows-search-connector+xml', None], ['setpay', 'application/set-payment-initiation', 'application/set-payment-initiation'], ['setreg', 'application/set-registration-initiation', 'application/set-registration-initiation'], ['settings', 'application/xml', None], ['sgimb', 'application/x-sgimb', None], ['sgml', 'text/sgml', 'text/sgml'], ['sh', 'application/x-sh', 'application/x-sh'], ['shar', 'application/x-shar', 'application/x-shar'], ['shtml', 'text/html', None], ['sit', 'application/x-stuffit', 'application/x-stuffit'], ['sitemap', 'application/xml', None], ['skin', 'application/xml', None], ['sldm', 'application/vnd.ms-powerpoint.slide.macroEnabled.12', 'application/vnd.ms-powerpoint.slide.macroenabled.12'], ['sldx', 'application/vnd.openxmlformats-officedocument.presentationml.slide', 'application/vnd.openxmlformats-officedocument.presentationml.slide'], ['slk', 'application/vnd.ms-excel', None], ['sln', 'text/plain', None], ['slupkg-ms', 'application/x-ms-license', None], ['smd', 'audio/x-smd', None], ['smi', 'application/octet-stream', 'application/smil+xml'], ['smx', 'audio/x-smd', None], ['smz', 'audio/x-smd', None], ['snd', 'audio/basic', 'audio/basic'], ['snippet', 'application/xml', None], ['snp', 'application/octet-stream', None], ['sol', 'text/plain', None], ['sor', 'text/plain', None], ['spc', 'application/x-pkcs7-certificates', 'application/x-pkcs7-certificates'], ['spl', 'application/futuresplash', 'application/x-futuresplash'], ['src', 'application/x-wais-source', 'application/x-wais-source'], ['srf', 'text/plain', None], ['SSISDeploymentManifest', 'text/xml', None], ['ssm', 'application/streamingmedia', None], ['sst', 'application/vnd.ms-pki.certstore', None], ['stl', 'application/vnd.ms-pki.stl', 'application/vnd.ms-pki.stl'], ['sv4cpio', 'application/x-sv4cpio', 'application/x-sv4cpio'], ['sv4crc', 'application/x-sv4crc', 'application/x-sv4crc'], ['svc', 'application/xml', 'application/vnd.dvb.service'], ['swf', 'application/x-shockwave-flash', 'application/x-shockwave-flash'], ['t', 'application/x-troff', 'text/troff'], ['tar', 'application/x-tar', 'application/x-tar'], ['tcl', 'application/x-tcl', 'application/x-tcl'], ['testrunconfig', 'application/xml', None], ['testsettings', 'application/xml', None], ['tex', 'application/x-tex', 'application/x-tex'], ['texi', 'application/x-texinfo', 'application/x-texinfo'], ['texinfo', 'application/x-texinfo', 'application/x-texinfo'], ['tgz', 'application/x-compressed', 'application/x-tar'], ['thmx', 'application/vnd.ms-officetheme', 'application/vnd.ms-officetheme'], ['thn', 'application/octet-stream', None], ['tif', 'image/tiff', 'image/tiff'], ['tiff', 'image/tiff', 'image/tiff'], ['tlh', 'text/plain', None], ['tli', 'text/plain', None], ['toc', 'application/octet-stream', None], ['tr', 'application/x-troff', 'text/troff'], ['trm', 'application/x-msterminal', 'application/x-msterminal'], ['trx', 'application/xml', None], ['ts', 'video/vnd.dlna.mpeg-tts', 'video/mp2t'], ['tsv', 'text/tab-separated-values', 'text/tab-separated-values'], ['ttf', 'application/octet-stream', 'font/ttf'], ['tts', 'video/vnd.dlna.mpeg-tts', None], ['txt', 'text/plain', 'text/plain'], ['u32', 'application/octet-stream', 'application/x-authorware-bin'], ['uls', 'text/iuls', None], ['user', 'text/plain', None], ['ustar', 'application/x-ustar', 'application/x-ustar'], ['vb', 'text/plain', None], ['vbdproj', 'text/plain', None], ['vbk', 'video/mpeg', None], ['vbproj', 'text/plain', None], ['vbs', 'text/vbscript', None], ['vcf', 'text/x-vcard', 'text/x-vcard'], ['vcproj', 'Application/xml', None], ['vcs', 'text/plain', 'text/x-vcalendar'], ['vcxproj', 'Application/xml', None], ['vddproj', 'text/plain', None], ['vdp', 'text/plain', None], ['vdproj', 'text/plain', None], ['vdx', 'application/vnd.ms-visio.viewer', None], ['vml', 'text/xml', None], ['vscontent', 'application/xml', None], ['vsct', 'text/xml', None], ['vsd', 'application/vnd.visio', 'application/vnd.visio'], ['vsi', 'application/ms-vsi', None], ['vsix', 'application/vsix', None], ['vsixlangpack', 'text/xml', None], ['vsixmanifest', 'text/xml', None], ['vsmdi', 'application/xml', None], ['vspscc', 'text/plain', None], ['vss', 'application/vnd.visio', 'application/vnd.visio'], ['vsscc', 'text/plain', None], ['vssettings', 'text/xml', None], ['vssscc', 'text/plain', None], ['vst', 'application/vnd.visio', 'application/vnd.visio'], ['vstemplate', 'text/xml', None], ['vsto', 'application/x-ms-vsto', None], ['vsw', 'application/vnd.visio', 'application/vnd.visio'], ['vsx', 'application/vnd.visio', None], ['vtx', 'application/vnd.visio', None], ['wav', 'audio/wav', 'audio/x-wav'], ['wave', 'audio/wav', None], ['wax', 'audio/x-ms-wax', 'audio/x-ms-wax'], ['wbk', 'application/msword', None], ['wbmp', 'image/vnd.wap.wbmp', 'image/vnd.wap.wbmp'], ['wcm', 'application/vnd.ms-works', 'application/vnd.ms-works'], ['wdb', 'application/vnd.ms-works', 'application/vnd.ms-works'], ['wdp', 'image/vnd.ms-photo', 'image/vnd.ms-photo'], ['webarchive', 'application/x-safari-webarchive', None], ['webtest', 'application/xml', None], ['wiq', 'application/xml', None], ['wiz', 'application/msword', 'application/msword'], ['wks', 'application/vnd.ms-works', 'application/vnd.ms-works'], ['WLMP', 'application/wlmoviemaker', None], ['wlpginstall', 'application/x-wlpg-detect', None], ['wlpginstall3', 'application/x-wlpg3-detect', None], ['wm', 'video/x-ms-wm', 'video/x-ms-wm'], ['wma', 'audio/x-ms-wma', 'audio/x-ms-wma'], ['wmd', 'application/x-ms-wmd', 'application/x-ms-wmd'], ['wmf', 'application/x-msmetafile', 'application/x-msmetafile'], ['wml', 'text/vnd.wap.wml', 'text/vnd.wap.wml'], ['wmlc', 'application/vnd.wap.wmlc', 'application/vnd.wap.wmlc'], ['wmls', 'text/vnd.wap.wmlscript', 'text/vnd.wap.wmlscript'], ['wmlsc', 'application/vnd.wap.wmlscriptc', 'application/vnd.wap.wmlscriptc'], ['wmp', 'video/x-ms-wmp', None], ['wmv', 'video/x-ms-wmv', 'video/x-ms-wmv'], ['wmx', 'video/x-ms-wmx', 'video/x-ms-wmx'], ['wmz', 'application/x-ms-wmz', 'application/x-msmetafile'], ['wpl', 'application/vnd.ms-wpl', 'application/vnd.ms-wpl'], ['wps', 'application/vnd.ms-works', 'application/vnd.ms-works'], ['wri', 'application/x-mswrite', 'application/x-mswrite'], ['wrl', 'x-world/x-vrml', 'model/vrml'], ['wrz', 'x-world/x-vrml', None], ['wsc', 'text/scriptlet', None], ['wsdl', 'text/xml', 'application/wsdl+xml'], ['wvx', 'video/x-ms-wvx', 'video/x-ms-wvx'], ['x', 'application/directx', None], ['xaf', 'x-world/x-vrml', None], ['xaml', 'application/xaml+xml', 'application/xaml+xml'], ['xap', 'application/x-silverlight-app', 'application/x-silverlight-app'], ['xbap', 'application/x-ms-xbap', 'application/x-ms-xbap'], ['xbm', 'image/x-xbitmap', 'image/x-xbitmap'], ['xdr', 'text/plain', None], ['xht', 'application/xhtml+xml', 'application/xhtml+xml'], ['xhtml', 'application/xhtml+xml', 'application/xhtml+xml'], ['xla', 'application/vnd.ms-excel', 'application/vnd.ms-excel'], ['xlam', 'application/vnd.ms-excel.addin.macroEnabled.12', 'application/vnd.ms-excel.addin.macroenabled.12'], ['xlc', 'application/vnd.ms-excel', 'application/vnd.ms-excel'], ['xld', 'application/vnd.ms-excel', None], ['xlk', 'application/vnd.ms-excel', None], ['xll', 'application/vnd.ms-excel', None], ['xlm', 'application/vnd.ms-excel', 'application/vnd.ms-excel'], ['xls', 'application/vnd.ms-excel', 'application/vnd.ms-excel'], ['xlsb', 'application/vnd.ms-excel.sheet.binary.macroEnabled.12', 'application/vnd.ms-excel.sheet.binary.macroenabled.12'], ['xlsm', 'application/vnd.ms-excel.sheet.macroEnabled.12', 'application/vnd.ms-excel.sheet.macroenabled.12'], ['xlsx', 'application/vnd.openxmlformats-officedocument.spreadsheetml.sheet', 'application/vnd.openxmlformats-officedocument.spreadsheetml.sheet'], ['xlt', 'application/vnd.ms-excel', 'application/vnd.ms-excel'], ['xltm', 'application/vnd.ms-excel.template.macroEnabled.12', 'application/vnd.ms-excel.template.macroenabled.12'], ['xltx', 'application/vnd.openxmlformats-officedocument.spreadsheetml.template', 'application/vnd.openxmlformats-officedocument.spreadsheetml.template'], ['xlw', 'application/vnd.ms-excel', 'application/vnd.ms-excel'], ['xml', 'text/xml', 'application/xml'], ['xmta', 'application/xml', None], ['xof', 'x-world/x-vrml', None], ['XOML', 'text/plain', None], ['xpm', 'image/x-xpixmap', 'image/x-xpixmap'], ['xps', 'application/vnd.ms-xpsdocument', 'application/vnd.ms-xpsdocument'], ['xrm-ms', 'text/xml', None], ['xsc', 'application/xml', None], ['xsd', 'text/xml', None], ['xsf', 'text/xml', None], ['xsl', 'text/xml', 'application/xml'], ['xslt', 'text/xml', 'application/xslt+xml'], ['xsn', 'application/octet-stream', None], ['xss', 'application/xml', None], ['xtp', 'application/octet-stream', None], ['xwd', 'image/x-xwindowdump', 'image/x-xwindowdump'], ['z', 'application/x-compress', None], ['zip', 'application/x-zip-compressed', 'application/zip']]"
data/raw/benchmark-stackoverflow/10.txt,9,9,1.0,"[['4', '8.8', '8.8'], ['5', '11.0', '11.0'], ['6', '13.2', '13.2'], ['7', '15.4', '15.4'], ['8', '17.6', '17.6'], ['9', '19.8', '19.8'], ['10', '22.0', '22.0'], ['11', '24.3', '24.3'], ['12', '26.5', '26.5']]"
data/raw/benchmark-stackoverflow/11.txt,2,2,1.0,"[['123456789', '123,456,789', '123,456,789'], ['1234', '1,234', '1,234']]"
data/raw/benchmark-stackoverflow/12.txt,7,9,0.778,"[['7321876984', '7M', '7B'], ['1111111111', '1B', '1B'], ['12123123123', '12B', '12B'], ['10001', '10K', '10K'], ['212341', '212K', '212K'], ['9876149', '9M', '9M'], ['7321176984', '7M', '7B'], ['2111111111', '2B', '2B'], ['22123123123', '22B', '22B']]"
data/raw/benchmark-stackoverflow/13.txt,0,1,0.0,"[['12334.137', '12,334.13', '12,334.14']]"
data/raw/benchmark-stackoverflow/14.txt,2,2,1.0,"[['1', '01', '01'], ['5', '05', '05']]"
data/raw/benchmark-stackoverflow/15.txt,3,3,1.0,"[['2 3 4 5', '2', 2], ['3 1 4 1', '3', 3], ['21 asg', '21', 21]]"
data/raw/benchmark-stackoverflow/16.txt,2,2,1.0,"[['Friday, 3rd April, 1989', 'April', 'April'], ['Sunday, 3rd March, 2013', 'March', 'March']]"
data/raw/benchmark-stackoverflow/17.txt,2,2,1.0,"[['SunInTheRain', 'Sun In The Rain', 'Sun In The Rain'], ['TestIsGood', 'Test Is Good', 'Test Is Good']]"
data/raw/benchmark-stackoverflow/18.txt,2,2,1.0,"[['Main page', 'MainPage', 'MainPage'], ['Test is good for everyone', 'TestIsGoodForEveryone', 'TestIsGoodForEveryone']]"
data/raw/benchmark-stackoverflow/19.txt,1,2,0.5,"[['Everyday activity', 'EVERYDAY ACTIVITY', 'EVERYDAY ACTIVITY'], ['Test is good for every one', 'TEST IS GOOD FOR EVERYONE', 'TEST IS GOOD FOR EVERY ONE']]"
data/raw/benchmark-stackoverflow/20.txt,2,2,1.0,"[['1   2  4  4', '1 2 4 4', '1 2 4 4'], ['How   fun', 'How fun', 'How fun']]"
data/raw/benchmark-stackoverflow/21.txt,1,2,0.5,"[['Asp.Net Routing - Replace white spaces %20 with dashes from URLs generated', 'asp-net-routing-replace-white-spaces-20-with-dashes-from-urls-generated', 'aspnet-routing-replace-white-spaces-20-with-dashes-from-urls-generated'], ['.NET method to convert a string to sentence case', 'net-method-to-convert-a-string-to-sentence-case', 'net-method-to-convert-a-string-to-sentence-case']]"
data/raw/benchmark-stackoverflow/22.txt,2,2,1.0,"[['(912)-444-5555', '9124445555', '9124445555'], ['4654764768', '4654764768', '4654764768']]"
data/raw/benchmark-stackoverflow/23.txt,2,2,1.0,"[['9124445555', '912-444-5555', '912-444-5555'], ['4654764768', '465-476-4768', '465-476-4768']]"
data/raw/benchmark-stackoverflow/24.txt,2,2,1.0,"[['AB12345CDE', 'A1B2C3D4E5', 'A1B2C3D4E5'], ['E12HY5', 'E1H2Y5', 'E1H2Y5']]"
data/raw/benchmark-stackoverflow/25.txt,9,9,1.0,"[['April', '4', 4], ['May', '5', 5], ['June', '6', 6], ['July', '7', 7], ['August', '8', 8], ['September', '9', 9], ['October', '10', 10], ['November', '11', 11], ['December', '12', 12]]"
data/raw/benchmark-stackoverflow/26.txt,2,2,1.0,"[['<sample3 xns:id=""7f04f178-f235-4647-8584-c4e77f73fecf"">c</sample3>', '<sample3>c</sample3>', '<sample3>c</sample3>'], ['<sample6 xns:id=""test"">b</sample6>', '<sample6>b</sample6>', '<sample6>b</sample6>']]"
data/raw/benchmark-stackoverflow/27.txt,2,2,1.0,"[['55', '13', '13'], ['60', '16', '16']]"
data/raw/benchmark-stackoverflow/28.txt,2,2,1.0,"[['092378LLLL111', '092378LLLL111', '092378LLLL111'], ['11PP))(*(&^%%&*', '11PP', '11PP']]"
data/raw/benchmark-stackoverflow/29.txt,1,15,0.067,"[['H2', '2H', '2H'], ['3Pb2', '6Pb', '2Pb'], ['PbH2', 'Pb 2H', '1Pb2H'], ['(PbH2)2', '2Pb 4H', '1Pb2H'], ['(CCC)2', '2C 2C 2C', '1C1C1C'], ['Pb(H2)2', 'Pb 4H', '1Pb2H'], ['(Pb(H2)2)2', '2Pb 8H', '1Pb2H'], ['(Pb(H2)2)2NO3', '2Pb 8H N 3O', '1Pb2H1N3O'], ['(Ag(Pb(H2)2)2)2SO4', '2Ag 4Pb 16H S 4O', '1Ag1Pb2H1S4O'], ['Pb(CH3(CH2)2CH3)2', 'Pb 2C 6H 4C 8H 2C 6H', '1Pb1C3H1C2H1C3H'], ['Na2(CH3(CH2)2CH3)2', '2Na 2C 6H 4C 8H 2C 6H', '2Na1C3H1C2H1C3H'], ['Tc(H2O)3Fe3(SO4)2', 'Tc 6H 3O 3Fe 2S 8O', '1Tc2H1O3Fe1S4O'], ['Tc(H2O)3(Fe3(SO4)2)2', 'Tc 6H 3O 6Fe 4S 16O', '1Tc2H1O3Fe1S4O'], ['(Tc(H2O)3(Fe3(SO4)2)2)2', '2Tc 12H 6O 12Fe 8S 32O', '1Tc2H1O3Fe1S4O'], ['(Tc(H2O)3CO(Fe3(SO4)2)2)2', '2Tc 12H 6O 2C 2O 12Fe 8S 32O', '1Tc2H1O1C1O3Fe1S4O']]"
data/raw/benchmark-stackoverflow/30.txt,3,3,1.0,"[['9/3', '3', 3.0], ['1+9-2', '8', 8], ['1+4/2', '3', 3.0]]"
data/raw/benchmark-stackoverflow/31.txt,0,4,0.0,"[['100000', 'one hundred thousand', 'eleven'], ['999999', 'nine hundred ninety-nine thousand nine hundred ninety-nine', 'ninety nine ninety nine thousand ninety nine ninety nine'], ['1000001', 'one million one', 'million'], ['10000007', 'ten million seven', 'eleven']]"
data/raw/benchmark-stackoverflow/32.txt,2,2,1.0,"[['GACTA', 'CTGAT', 'CTGAT'], ['CGCAA', 'GCGTT', 'GCGTT']]"
data/raw/benchmark-stackoverflow/33.txt,1,2,0.5,"[['orange', 'an orange', 'an orange'], ['hour', 'an hour', 'a hour']]"
data/raw/benchmark-stackoverflow/34.txt,2,2,1.0,"[['4,5,6,7,8,9,10,11,12', '8', 8], ['1,2,3,4,5', '3', 3]]"
data/raw/benchmark-stackoverflow/35.txt,2,2,1.0,"[['2015-02-28', '2015-03-01', '2015-03-01'], ['2015-12-31', '2016-01-01', '2016-01-01']]"
data/raw/benchmark-stackoverflow/36.txt,2,2,1.0,"[['2011/12/22', '12/22/2011', '12/22/2011'], ['2012/4/11', '4/11/2012', '4/11/2012']]"
data/raw/benchmark-stackoverflow/37.txt,2,2,1.0,"[['05/09/2014', 'May', 'May'], ['12/12/2012', 'December', 'December']]"
data/raw/benchmark-stackoverflow/38.txt,2,2,1.0,"[['Lucy Goodman', 'L. Goodman', 'L. Goodman'], ['Rachel Green', 'R. Green', 'R. Green']]"
data/raw/benchmark-stackoverflow/39.txt,2,2,1.0,"[['123412345', '1234,1234,5', '1234,1234,5'], ['1', '1', '1']]"
data/raw/benchmark-stackoverflow/40.txt,2,2,1.0,"[['1,100,2', '56.871', '56.871'], ['1,100,2,50', '47.091', '47.091']]"
data/raw/benchmark-stackoverflow/41.txt,2,3,0.667,"[['129.97.208.23', 'Canada', 'Canada'], ['173.194.44.50', 'United States', 'Germany'], ['77.67.27.8', 'Germany', 'Germany']]"
data/raw/benchmark-stackoverflow/42.txt,5,5,1.0,"[['2010', 'common', 'common'], ['2011', 'common', 'common'], ['2012', 'leap', 'leap'], ['2016', 'leap', 'leap'], ['2017', 'common', 'common']]"
data/raw/benchmark-stackoverflow/43.txt,3,3,1.0,"[['asdf', 'invalid', 'invalid'], ['ab@xyz.xyz', 'ab@xyz.xyz', 'ab@xyz.xyz'], ['wa@lter@xyz.com', 'invalid', 'invalid']]"
data/raw/benchmark-stackoverflow/44.txt,2,2,1.0,"[['299-398-0003', '299-398-0003', '299-398-0003'], ['321-2020', '425-321-2020', '425-321-2020']]"
data/raw/benchmark-stackoverflow/45.txt,1,7,0.143,"[['(288) 3998888', '288-399-8888', '425-(288) 3998888'], ['999-2020', '425-999-2020', '999-2020'], ['425-9990200', '425-999-0200', '425-9990200'], ['(288) 3998888', '288-399-8888', '425-(288) 3998888'], ['499-999-2020', '499-999-2020', '499-999-2020'], ['(299)-398-0003', '299-398-0003', '425-(299)-398-0003'], ['(288) 3998888', '288-399-8888', '425-(288) 3998888']]"
data/raw/benchmark-stackoverflow/46.txt,1,1,1.0,"[['{{p, q}, {r, s, t}, {u, v, w}}', 'r', 'r']]"
data/raw/benchmark-stackoverflow/47.txt,2,2,1.0,"[['This is MY work', 'MY', 'MY'], ['HOW ARE YOU', 'HOW, ARE, YOU', 'HOW, ARE, YOU']]"
data/raw/benchmark-stackoverflow/48.txt,2,2,1.0,"[['2011/12/22', '12/22/2011', '12/22/2011'], ['2012/4/11', '04/11/2012', '04/11/2012']]"
data/raw/benchmark-stackoverflow/49.txt,2,2,1.0,"[['1', '21', '21'], ['11', '31', '31']]"
